591.708251953125,5814.04638671875,-2964.435546875,-2274.44921875,504.663330078125,-2407.1650390625,-3386.9091796875,-8016.685546875,359.700439453125,-894.4965209960938,-2744.8291015625,-6678.08740234375,2808.908447265625,780.9697265625,-1129.562744140625,-457.4595947265625,2868.91552734375,688.633056640625,-1164.6007080078125,-5164.63427734375,-3376.381591796875,5148.44921875,2650.503662109375,-1112.02001953125,-2382.380859375,-1724.54541015625,-1094.652099609375,3007.693359375
-591.708251953125,-5814.04638671875,2964.435546875,2274.44921875,-504.663330078125,2407.1650390625,3386.9091796875,8016.685546875,-359.700439453125,894.4965209960938,2744.8291015625,6678.08740234375,-2808.908447265625,-780.9697265625,1129.562744140625,457.4595947265625,-2868.91552734375,-688.633056640625,1164.6007080078125,5164.63427734375,3376.381591796875,-5148.44921875,-2650.503662109375,1112.02001953125,2382.380859375,1724.54541015625,1094.652099609375,-3007.693359375
-591.708251953125,-5814.04638671875,2964.435546875,2274.44921875,-504.663330078125,2407.1650390625,3386.9091796875,8016.685546875,-359.700439453125,894.4965209960938,2744.8291015625,6678.08740234375,-2808.908447265625,-780.9697265625,1129.562744140625,457.4595947265625,-2868.91552734375,-688.633056640625,1164.6007080078125,5164.63427734375,3376.381591796875,-5148.44921875,-2650.503662109375,1112.02001953125,2382.380859375,1724.54541015625,1094.652099609375,-3007.693359375
-591.708251953125,-5814.04638671875,2964.435546875,2274.44921875,-504.663330078125,2407.1650390625,3386.9091796875,8016.685546875,-359.700439453125,894.4965209960938,2744.8291015625,6678.08740234375,-2808.908447265625,-780.9697265625,1129.562744140625,457.4595947265625,-2868.91552734375,-688.633056640625,1164.6007080078125,5164.63427734375,3376.381591796875,-5148.44921875,-2650.503662109375,1112.02001953125,2382.380859375,1724.54541015625,1094.652099609375,-3007.693359375
591.708251953125,5814.04638671875,-2964.435546875,-2274.44921875,504.663330078125,-2407.1650390625,-3386.9091796875,-8016.685546875,359.700439453125,-894.4965209960938,-2744.8291015625,-6678.08740234375,2808.908447265625,780.9697265625,-1129.562744140625,-457.4595947265625,2868.91552734375,688.633056640625,-1164.6007080078125,-5164.63427734375,-3376.381591796875,5148.44921875,2650.503662109375,-1112.02001953125,-2382.380859375,-1724.54541015625,-1094.652099609375,3007.693359375
591.708251953125,5814.04638671875,-2964.435546875,-2274.44921875,504.663330078125,-2407.1650390625,-3386.9091796875,-8016.685546875,359.700439453125,-894.4965209960938,-2744.8291015625,-6678.08740234375,2808.908447265625,780.9697265625,-1129.562744140625,-457.4595947265625,2868.91552734375,688.633056640625,-1164.6007080078125,-5164.63427734375,-3376.381591796875,5148.44921875,2650.503662109375,-1112.02001953125,-2382.380859375,-1724.54541015625,-1094.652099609375,3007.693359375
-591.708251953125,-5814.04638671875,2964.435546875,2274.44921875,-504.663330078125,2407.1650390625,3386.9091796875,8016.685546875,-359.700439453125,894.4965209960938,2744.8291015625,6678.08740234375,-2808.908447265625,-780.9697265625,1129.562744140625,457.4595947265625,-2868.91552734375,-688.633056640625,1164.6007080078125,5164.63427734375,3376.381591796875,-5148.44921875,-2650.503662109375,1112.02001953125,2382.380859375,1724.54541015625,1094.652099609375,-3007.693359375
591.708251953125,5814.04638671875,-2964.435546875,-2274.44921875,504.663330078125,-2407.1650390625,-3386.9091796875,-8016.685546875,359.700439453125,-894.4965209960938,-2744.8291015625,-6678.08740234375,2808.908447265625,780.9697265625,-1129.562744140625,-457.4595947265625,2868.91552734375,688.633056640625,-1164.6007080078125,-5164.63427734375,-3376.381591796875,5148.44921875,2650.503662109375,-1112.02001953125,-2382.380859375,-1724.54541015625,-1094.652099609375,3007.693359375
-591.708251953125,-5814.04638671875,2964.435546875,2274.44921875,-504.663330078125,2407.1650390625,3386.9091796875,8016.685546875,-359.700439453125,894.4965209960938,2744.8291015625,6678.08740234375,-2808.908447265625,-780.9697265625,1129.562744140625,457.4595947265625,-2868.91552734375,-688.633056640625,1164.6007080078125,5164.63427734375,3376.381591796875,-5148.44921875,-2650.503662109375,1112.02001953125,2382.380859375,1724.54541015625,1094.652099609375,-3007.693359375
-591.708251953125,-5814.04638671875,2964.435546875,2274.44921875,-504.663330078125,2407.1650390625,3386.9091796875,8016.685546875,-359.700439453125,894.4965209960938,2744.8291015625,6678.08740234375,-2808.908447265625,-780.9697265625,1129.562744140625,457.4595947265625,-2868.91552734375,-688.633056640625,1164.6007080078125,5164.63427734375,3376.381591796875,-5148.44921875,-2650.503662109375,1112.02001953125,2382.380859375,1724.54541015625,1094.652099609375,-3007.693359375
591.708251953125,5814.04638671875,-2964.435546875,-2274.44921875,504.663330078125,-2407.1650390625,-3386.9091796875,-8016.685546875,359.700439453125,-894.4965209960938,-2744.8291015625,-6678.08740234375,2808.908447265625,780.9697265625,-1129.562744140625,-457.4595947265625,2868.91552734375,688.633056640625,-1164.6007080078125,-5164.63427734375,-3376.381591796875,5148.44921875,2650.503662109375,-1112.02001953125,-2382.380859375,-1724.54541015625,-1094.652099609375,3007.693359375
591.708251953125,5814.04638671875,-2964.435546875,-2274.44921875,504.663330078125,-2407.1650390625,-3386.9091796875,-8016.685546875,359.700439453125,-894.4965209960938,-2744.8291015625,-6678.08740234375,2808.908447265625,780.9697265625,-1129.562744140625,-457.4595947265625,2868.91552734375,688.633056640625,-1164.6007080078125,-5164.63427734375,-3376.381591796875,5148.44921875,2650.503662109375,-1112.02001953125,-2382.380859375,-1724.54541015625,-1094.652099609375,3007.693359375
-591.708251953125,-5814.04638671875,2964.435546875,2274.44921875,-504.663330078125,2407.1650390625,3386.9091796875,8016.685546875,-359.700439453125,894.4965209960938,2744.8291015625,6678.08740234375,-2808.908447265625,-780.9697265625,1129.562744140625,457.4595947265625,-2868.91552734375,-688.633056640625,1164.6007080078125,5164.63427734375,3376.381591796875,-5148.44921875,-2650.503662109375,1112.02001953125,2382.380859375,1724.54541015625,1094.652099609375,-3007.693359375
-591.708251953125,-5814.04638671875,2964.435546875,2274.44921875,-504.663330078125,2407.1650390625,3386.9091796875,8016.685546875,-359.700439453125,894.4965209960938,2744.8291015625,6678.08740234375,-2808.908447265625,-780.9697265625,1129.562744140625,457.4595947265625,-2868.91552734375,-688.633056640625,1164.6007080078125,5164.63427734375,3376.381591796875,-5148.44921875,-2650.503662109375,1112.02001953125,2382.380859375,1724.54541015625,1094.652099609375,-3007.693359375
596.673583984375,429.7586364746094,1262.9534912109375,-499.0992736816406,848.0471801757812,889.61474609375,49.492095947265625,-43.21170425415039,-875.9981079101562,677.7218627929688,-18.465303421020508,-279.3096618652344,1014.9087524414062,-304.07061767578125,-634.0595092773438,493.6358947753906,-303.06866455078125,211.0033416748047,-900.6747436523438,477.69989013671875,386.4981384277344,-438.19775390625,-707.638427734375,-569.321533203125,-116.15608215332031,274.59112548828125,-296.7778625488281,-964.7659301757812
-3368.9921875,-2426.541748046875,-7131.00146484375,2818.05908203125,-4788.3203125,-5023.0224609375,-279.44671630859375,243.98580932617188,4946.1396484375,-3826.6142578125,104.26045227050781,1577.0633544921875,-5730.46923828125,1716.8709716796875,3580.083740234375,-2787.21142578125,1711.213623046875,-1191.385986328125,5085.470703125,-2697.232177734375,-2182.280517578125,2474.19140625,3995.53173828125,3214.55419921875,655.8508911132812,-1550.421142578125,1675.6939697265625,5447.34814453125
3315.00830078125,2387.65966796875,7016.736328125,-2772.9033203125,4711.59375,4942.53515625,274.9689636230469,-240.07626342773438,-4866.8837890625,3765.297607421875,-102.58981323242188,-1551.79296875,5638.64599609375,-1689.3602294921875,-3522.717529296875,2742.5498046875,-1683.7935791015625,1172.2955322265625,-5003.982421875,2654.012451171875,2147.312255859375,-2434.5458984375,-3931.508544921875,-3163.045166015625,-645.3417358398438,1525.57763671875,-1648.8431396484375,-5360.0615234375
4468.048828125,3218.1455078125,9457.3271484375,-3737.386474609375,6350.39990234375,6661.6689453125,370.6098327636719,-323.5805969238281,-6559.7041015625,5074.95947265625,-138.27304077148438,-2091.544189453125,7599.9033203125,-2276.960693359375,-4748.00439453125,3696.475341796875,-2269.457763671875,1580.0484619140625,-6744.4892578125,3577.142333984375,2894.199462890625,-3281.33984375,-5298.982421875,-4263.22900390625,-869.8072509765625,2056.210693359375,-2222.3505859375,-7224.4208984375
1011.971923828125,728.88037109375,2141.997802734375,-846.483642578125,1438.3072509765625,1508.8067626953125,83.9397201538086,-73.28803253173828,-1485.712646484375,1149.431640625,-31.31757354736328,-473.71551513671875,1721.3082275390625,-515.710693359375,-1075.3792724609375,837.2176513671875,-514.0113525390625,357.866455078125,-1527.5648193359375,810.1898193359375,655.5095825195312,-743.1932983398438,-1200.1707763671875,-965.5821533203125,-197.0033416748047,465.7127990722656,-503.3420104980469,-1636.264892578125
39.66455078125,28.568689346313477,83.95625305175781,-33.178184509277344,56.37489318847656,59.13814163208008,3.2900428771972656,-2.872546672821045,-58.23296356201172,45.05232620239258,-1.2275018692016602,-18.567424774169922,67.46720123291016,-20.213438034057617,-42.14982223510742,32.81500244140625,-20.146831512451172,14.026684761047363,-59.87336730957031,31.755638122558594,25.692899703979492,-29.129688262939453,-47.04106140136719,-37.84628677368164,-7.721606254577637,18.253755569458008,-19.7286434173584,-64.13390350341797
1522.166259765625,1096.3516845703125,3221.904296875,-1273.24560546875,2163.442138671875,2269.484619140625,126.2586441040039,-110.23681640625,-2234.74755859375,1728.927490234375,-47.10659408569336,-712.5432739257812,2589.12060546875,-775.7106323242188,-1617.541015625,1259.30810546875,-773.154541015625,538.287841796875,-2297.69970703125,1218.6539306640625,985.9903564453125,-1117.880615234375,-1805.2471923828125,-1452.388671875,-296.32427978515625,700.505859375,-757.106201171875,-2461.201904296875
1796.7171630859375,1294.0989990234375,3803.034423828125,-1502.8990478515625,2553.658935546875,2678.828125,149.03173828125,-130.1200714111328,-2637.82568359375,2040.7716064453125,-55.60314178466797,-841.0636596679688,3056.116455078125,-915.6243896484375,-1909.29443359375,1486.4476318359375,-912.6072998046875,635.3780517578125,-2712.13232421875,1438.4608154296875,1163.83203125,-1319.5111083984375,-2130.85693359375,-1714.3538818359375,-349.7718505859375,826.8551025390625,-893.664306640625,-2905.125244140625
-1741.050537109375,-1254.0047607421875,-3685.207275390625,1456.335693359375,-2474.54052734375,-2595.831787109375,-144.41436767578125,126.0886459350586,2556.099365234375,-1977.543701171875,53.88042449951172,815.0054931640625,-2961.4306640625,887.2561645507812,1850.1400146484375,-1440.3939208984375,884.33251953125,-615.6925048828125,2628.10400390625,-1393.8939208984375,-1127.773681640625,1278.6295166015625,2064.837890625,1661.2391357421875,338.9350891113281,-801.2371826171875,865.9764404296875,2815.117431640625
-2074.234375,-1493.9827880859375,-4390.44287109375,1735.03369140625,-2948.091796875,-3092.59423828125,-172.0508575439453,150.2181396484375,3045.258544921875,-2355.98486328125,64.19148254394531,970.9725341796875,-3528.15771484375,1057.0498046875,2204.199951171875,-1716.041259765625,1053.566650390625,-733.5172119140625,3131.04248046875,-1660.6424560546875,-1343.594970703125,1523.3199462890625,2459.984619140625,1979.1494140625,403.7968444824219,-954.5693969726562,1031.69775390625,3353.8447265625
-1681.13720703125,-1210.8516845703125,-3558.39111328125,1406.219970703125,-2389.38623046875,-2506.50341796875,-139.4447479248047,121.74964904785156,2468.138427734375,-1909.491943359375,52.02627944946289,786.9593505859375,-2859.521240234375,856.7237548828125,1786.4725341796875,-1390.8267822265625,853.9006958007812,-594.5051879882812,2537.6650390625,-1345.9268798828125,-1088.9644775390625,1234.6290283203125,1993.7823486328125,1604.072265625,327.2715759277344,-773.664794921875,836.17626953125,2718.2431640625
-230.32537841796875,-165.89356994628906,-487.5198669433594,192.66014099121094,-327.3595275878906,-343.4052429199219,-19.104726791381836,16.680397033691406,338.1490173339844,-261.6112976074219,7.127896785736084,107.81791687011719,-391.7707214355469,117.37602996826172,244.75692749023438,-190.5511932373047,116.98926544189453,-81.45059967041016,347.6745910644531,-184.399658203125,-149.19435119628906,169.1511993408203,273.1595458984375,219.76702880859375,44.838069915771484,-105.99649047851562,114.5609130859375,372.414794921875
-371.4542236328125,-267.5426940917969,-786.2412719726562,310.7101135253906,-527.9447631835938,-553.822265625,-30.810895919799805,26.901090621948242,545.3453979492188,-421.91015625,11.49542236328125,173.88192749023438,-631.8230590820312,189.29666137695312,394.728515625,-307.3089294433594,188.6728973388672,-131.35838317871094,560.7076416015625,-297.38812255859375,-240.61122131347656,272.79638671875,440.5344543457031,354.4263916015625,72.31200408935547,-170.94444274902344,184.75660705566406,600.6070556640625
3933.469970703125,2833.111328125,8325.8076171875,-3290.227783203125,5590.60791015625,5864.634765625,326.268310546875,-284.8658752441406,-5774.8701171875,4467.76708984375,-121.7293930053711,-1841.3018798828125,6690.61474609375,-2004.5343017578125,-4179.93017578125,3254.21142578125,-1997.9290771484375,1391.00390625,-5937.54638671875,3149.156005859375,2547.923828125,-2888.74462890625,-4664.98681640625,-3753.156005859375,-765.7393798828125,1810.19580078125,-1956.4580078125,-6360.056640625
1467.5009765625,1056.978515625,3106.196533203125,-1227.519775390625,2085.746826171875,2187.98095703125,121.7243423461914,-106.27790069580078,-2154.491455078125,1666.8367919921875,-45.41486358642578,-686.9537963867188,2496.137939453125,-747.8526611328125,-1559.4505615234375,1214.082763671875,-745.3883666992188,518.9564208984375,-2215.1826171875,1174.888671875,950.5806884765625,-1077.734375,-1740.4156494140625,-1400.229248046875,-285.68243408203125,675.3487548828125,-729.9163208007812,-2372.813232421875
630.258056640625,453.9480895996094,1334.040283203125,-527.191650390625,895.780517578125,939.687744140625,52.27781677246094,-45.643924713134766,-925.3046875,715.8682861328125,-19.5046443939209,-295.03094482421875,1072.0340576171875,-321.18560791015625,-669.748291015625,521.4207763671875,-320.1272277832031,222.87989807128906,-951.3702392578125,504.5877990722656,408.25262451171875,-462.8622131347656,-747.4686889648438,-601.366455078125,-122.69406127929688,290.04681396484375,-313.48236083984375,-1019.0689086914062
-4321.5166015625,-3112.60498046875,-9147.169921875,3614.81689453125,-6142.1357421875,-6443.1962890625,-358.45550537109375,312.9686279296875,6344.57568359375,-4908.52392578125,133.73831176757812,2022.950927734375,-7350.6611328125,2202.28662109375,4592.291015625,-3575.24755859375,2195.02978515625,-1528.22998046875,6523.30029296875,-3459.828125,-2799.282958984375,3173.726806640625,5125.19970703125,4123.41455078125,841.281494140625,-1988.776123046875,2149.467529296875,6987.4921875
1132.3289794921875,815.5684204101562,2396.75244140625,-947.1586303710938,1609.3697509765625,1688.25390625,93.92293548583984,-82.00440979003906,-1662.4132080078125,1286.13720703125,-35.04227066040039,-530.0560302734375,1926.0289306640625,-577.0457763671875,-1203.277587890625,936.7905883789062,-575.1443481445312,400.4286193847656,-1709.242919921875,906.5482788085938,733.471435546875,-831.5836791992188,-1342.910888671875,-1080.4219970703125,-220.43357849121094,521.1015014648438,-563.2060546875,-1830.87109375
753.5333862304688,542.738037109375,1594.971923828125,-630.3076782226562,1070.9906005859375,1123.4859619140625,62.50309371948242,-54.57164764404297,-1106.2896728515625,855.8884887695312,-23.31965446472168,-352.73748779296875,1281.718505859375,-384.00787353515625,-800.7476806640625,623.4080200195312,-382.7425231933594,266.4740905761719,-1137.4534912109375,603.2825927734375,488.10479736328125,-553.395751953125,-893.6697998046875,-718.9906616210938,-146.69239807128906,346.77850341796875,-374.7979431152344,-1218.3936767578125
-1240.834228515625,-893.7201538085938,-2626.420654296875,1037.919921875,-1763.5872802734375,-1850.030517578125,-102.92308044433594,89.86246490478516,1821.713623046875,-1409.381103515625,38.40019226074219,580.8485717773438,-2110.59033203125,632.3411254882812,1318.5814208984375,-1026.5584716796875,630.2574462890625,-438.79962158203125,1873.03076171875,-993.4181518554688,-803.7562255859375,911.27001953125,1471.5950927734375,1183.953125,241.5565948486328,-571.0359497070312,617.1751708984375,2006.31396484375
-871.4006958007812,-627.6328735351562,-1844.4566650390625,728.900146484375,-1238.5145263671875,-1299.2210693359375,-72.27980041503906,63.10771942138672,1279.3349609375,-989.7661743164062,26.967304229736328,407.91253662109375,-1482.204345703125,444.07421875,926.0003051757812,-720.9212646484375,442.6109313964844,-308.1558532714844,1315.3734130859375,-697.6478271484375,-564.4539184570312,639.9576416015625,1033.4571533203125,831.4548950195312,169.63795471191406,-401.0214538574219,433.42364501953125,1408.9742431640625
-1187.506103515625,-855.3101196289062,-2513.543212890625,993.3126220703125,-1687.7923583984375,-1770.5206298828125,-98.49968719482422,86.0003890991211,1743.420654296875,-1348.8092041015625,36.749839782714844,555.885009765625,-2019.882080078125,605.16455078125,1261.911865234375,-982.4393310546875,603.1704711914062,-419.9410400390625,1792.5323486328125,-950.7233276367188,-769.212646484375,872.1057739257812,1408.349365234375,1133.069580078125,231.175048828125,-546.494140625,590.6504516601562,1920.0872802734375
-2270.87939453125,-1635.617919921875,-4806.67333984375,1899.5213623046875,-3227.581787109375,-3385.78369140625,-188.36192321777344,164.45938110351562,3333.96044921875,-2579.341064453125,70.2770767211914,1063.0244140625,-3862.64013671875,1157.2620849609375,2413.16650390625,-1878.728271484375,1153.44873046875,-803.057373046875,3427.876953125,-1818.0775146484375,-1470.972900390625,1667.736328125,2693.200439453125,2166.780029296875,442.07830810546875,-1045.066162109375,1129.506591796875,3671.8017578125
-724.8487548828125,-522.0777587890625,-1534.25634765625,606.3139038085938,-1030.221435546875,-1080.7183837890625,-60.123802185058594,52.49427795410156,1064.1767578125,-823.3075561523438,22.431949615478516,339.3099060058594,-1232.9276123046875,369.3899230957031,770.2657470703125,-599.6768798828125,368.1727294921875,-256.33026123046875,1094.154296875,-580.3175659179688,-469.5242004394531,532.3297119140625,859.650634765625,691.6209716796875,141.10829162597656,-333.5777587890625,360.53057861328125,1172.0133056640625
227.2066192626953,163.64727783203125,480.9185485839844,-190.05140686035156,322.9268798828125,338.75531005859375,18.846036911010742,-16.454532623291016,-333.5702819824219,258.06890869140625,-7.031380653381348,-106.35799407958984,386.46588134765625,-115.78668975830078,-241.44276428222656,187.9710235595703,-115.4051513671875,80.34770965576172,-342.96685791015625,181.90277099609375,147.17416381835938,-166.8607940673828,-269.4607849121094,-216.79124450683594,-44.230934143066406,104.56123352050781,-113.00968933105469,-367.3720703125
169.88426208496094,122.36042022705078,359.5867614746094,-142.10301208496094,241.455078125,253.29014587402344,14.091336250305176,-12.303190231323242,-249.4132537841797,192.9602508544922,-5.257421493530273,-79.52474975585938,288.9637451171875,-86.57466125488281,-180.52874755859375,140.5474853515625,-86.28938293457031,60.07664489746094,-256.43914794921875,136.01019287109375,110.0433349609375,-124.76319122314453,-201.47805786132812,-162.0966033935547,-33.071834564208984,78.1812973022461,-84.49827575683594,-274.6871337890625
171.68601989746094,123.65814208984375,363.40045166015625,-143.610107421875,244.01588439941406,255.9764862060547,14.240785598754883,-12.433674812316895,-252.05845642089844,195.00672912597656,-5.313179969787598,-80.3681640625,292.0284118652344,-87.49285125732422,-182.44338989257812,142.0380859375,-87.20455169677734,60.71379852294922,-259.15887451171875,137.4526824951172,111.2104263305664,-126.08639526367188,-203.61488342285156,-163.81576538085938,-33.422584533691406,79.01046752929688,-85.39444732666016,-277.6003723144531
3608.452880859375,2599.015380859375,7637.85791015625,-3018.36083984375,5128.6640625,5380.04833984375,299.3092041015625,-261.32781982421875,-5297.70068359375,4098.60205078125,-111.67106628417969,-1689.15771484375,6137.77880859375,-1838.9024658203125,-3834.548583984375,2985.3203125,-1832.843017578125,1276.067138671875,-5446.93505859375,2888.945556640625,2337.392333984375,-2650.0517578125,-4279.525390625,-3443.037841796875,-702.4674072265625,1660.621826171875,-1794.7987060546875,-5834.5341796875
17.593236923217773,-150.20217895507812,177.87136840820312,55.45479202270508,-158.4952850341797,115.693603515625,-474.95391845703125,524.1676025390625,87.04354095458984,269.6632080078125,-517.2361450195312,183.86761474609375,282.60406494140625,500.97222900390625,-101.75662231445312,44.81300735473633,265.0987854003906,-166.62306213378906,252.0048370361328,-402.1853332519531,106.28255462646484,-36.43745040893555,339.6024169921875,161.8524627685547,-195.6587677001953,-235.63929748535156,168.47975158691406,110.13568115234375
122.83735656738281,-1048.723388671875,1241.9117431640625,387.189697265625,-1106.62646484375,807.7817993164062,-3316.16552734375,3659.779052734375,607.744873046875,1882.8095703125,-3611.38330078125,1283.778076171875,1973.1636962890625,3497.827392578125,-710.4727172851562,312.8879089355469,1850.9404296875,-1163.375244140625,1759.517578125,-2808.08935546875,742.0731201171875,-254.4091339111328,2371.130859375,1130.066650390625,-1366.1048583984375,-1645.2520751953125,1176.3387451171875,768.9759521484375
133.4525146484375,-1139.3502197265625,1349.233154296875,420.6492004394531,-1202.257080078125,877.5873413085938,-3602.736328125,3976.043701171875,660.263916015625,2045.5150146484375,-3923.4658203125,1394.7174072265625,2143.67724609375,3800.0966796875,-771.869140625,339.9265441894531,2010.891845703125,-1263.9097900390625,1911.568603515625,-3050.754150390625,806.2003173828125,-276.39422607421875,2576.03515625,1227.7227783203125,-1484.1585693359375,-1787.4285888671875,1277.99365234375,835.427978515625
-54.20256423950195,462.754150390625,-547.9994506835938,-170.8492889404297,488.3041687011719,-356.4375305175781,1463.273681640625,-1614.894775390625,-268.1702880859375,-830.7986450195312,1593.5399169921875,-566.47314453125,-870.6677856445312,-1543.432861328125,313.49945068359375,-138.06326293945312,-816.7362060546875,513.3448486328125,-776.3954467773438,1239.082763671875,-327.4432678222656,112.25923156738281,-1046.272705078125,-498.647216796875,602.8002319335938,725.9752197265625,-519.0650634765625,-339.31427001953125
174.3999481201172,-1488.938720703125,1763.2205810546875,549.7176513671875,-1571.1474609375,1146.8587646484375,-4708.16943359375,5196.01953125,862.8536987304688,2673.1435546875,-5127.30859375,1822.6607666015625,2801.425048828125,4966.0859375,-1008.7029418945312,444.2267150878906,2627.89697265625,-1651.71728515625,2498.09814453125,-3986.82177734375,1053.5679931640625,-361.2007141113281,3366.44384765625,1604.4268798828125,-1939.545166015625,-2335.8681640625,1670.1224365234375,1091.763671875
-71.71221923828125,612.2427368164062,-725.0257568359375,-226.04061889648438,646.0464477539062,-471.58148193359375,1935.97119140625,-2136.572021484375,-354.80029296875,-1099.1806640625,2108.31884765625,-749.4672241210938,-1151.92919921875,-2042.02490234375,414.77264404296875,-182.6633758544922,-1080.575439453125,679.17626953125,-1027.2030029296875,1639.3572998046875,-433.22088623046875,148.52357482910156,-1384.2615966796875,-659.730712890625,797.5294189453125,960.4949951171875,-686.7443237304688,-448.92669677734375
106.40412902832031,-908.4247436523438,1075.768310546875,335.3913269042969,-958.58154296875,699.7164306640625,-2872.527587890625,3170.17236328125,526.4404907226562,1630.9266357421875,-3128.2509765625,1112.0338134765625,1709.193115234375,3029.886474609375,-615.4254150390625,271.0296325683594,1603.3209228515625,-1007.7384643554688,1524.1285400390625,-2432.422119140625,642.7982788085938,-220.3741912841797,2053.919921875,978.8858642578125,-1183.3468017578125,-1425.1495361328125,1018.9677124023438,666.10205078125
159.64015197753906,-1362.927001953125,1613.995849609375,503.1940002441406,-1438.17822265625,1049.7979736328125,-4309.7080078125,4756.2705078125,789.8287353515625,2446.910400390625,-4693.375,1668.405517578125,2564.3349609375,4545.796875,-923.3345336914062,406.6309509277344,2405.492919921875,-1511.9293212890625,2286.67919921875,-3649.409423828125,964.402587890625,-330.631591796875,3081.535400390625,1468.64111328125,-1775.3978271484375,-2138.17919921875,1528.7767333984375,999.3656616210938
41.40983963012695,-353.53631591796875,418.6622619628906,130.5259552001953,-373.05609130859375,272.3122253417969,-1117.916259765625,1233.752197265625,204.87754821777344,634.716064453125,-1217.4375,432.7758483886719,665.1754150390625,1179.156494140625,-239.5082550048828,105.47799682617188,623.9725952148438,-392.1867370605469,593.1528930664062,-946.63818359375,250.16110229492188,-85.76414489746094,799.3345336914062,380.9580078125,-460.52911376953125,-554.6327514648438,396.556884765625,259.2303466796875
-0.11441511660814285,0.9768185615539551,-1.1567611694335938,-0.36064237356185913,1.0307515859603882,-0.7523969411849976,3.0887954235076904,-3.4088494777679443,-0.566075325012207,-1.7537163496017456,3.363771915435791,-1.1957569122314453,-1.8378753662109375,-3.2580018043518066,0.6617597937583923,-0.29143503308296204,-1.7240322828292847,1.0836094617843628,-1.6388777494430542,2.6155552864074707,-0.6911935210227966,0.23696579039096832,-2.2085561752319336,-1.0525845289230347,1.2724390029907227,1.5324467420578003,-1.0956840515136719,-0.716251790523529
-71.36199951171875,609.252685546875,-721.4849243164062,-224.93670654296875,642.891357421875,-469.2784118652344,1926.5164794921875,-2126.1376953125,-353.06756591796875,-1093.8126220703125,2098.0224609375,-745.8070678710938,-1146.3035888671875,-2032.0523681640625,412.74700927734375,-181.77130126953125,-1075.29833984375,675.859375,-1022.1864624023438,1631.3511962890625,-431.10516357421875,147.79823303222656,-1377.5013427734375,-656.5087890625,793.634521484375,955.8042602539062,-683.3905029296875,-446.7342834472656
-165.2801055908203,1411.078125,-1671.0169677734375,-520.971435546875,1488.9879150390625,-1086.886474609375,4461.96630859375,-4924.3056640625,-817.7327880859375,-2533.357666015625,4859.18798828125,-1727.348876953125,-2654.930908203125,-4706.39599609375,955.9552001953125,-420.9969177246094,-2490.47705078125,1565.344482421875,-2367.4658203125,3778.340087890625,-998.47412109375,342.31256103515625,-3190.403564453125,-1520.527099609375,1838.1212158203125,2213.71923828125,-1582.7872314453125,-1034.67236328125
-16.36941909790039,139.7538299560547,-165.49830627441406,-51.59725570678711,147.47006225585938,-107.64574432373047,441.9152526855469,-487.70550537109375,-80.98863220214844,-250.90492248535156,481.2562561035156,-171.0774383544922,-262.9455871582031,-466.1236572265625,94.6782455444336,-41.69572830200195,-246.6580047607422,155.03245544433594,-234.47491455078125,374.20855712890625,-98.88934326171875,33.902793884277344,-315.97906494140625,-150.5937042236328,182.0483856201172,219.24778747558594,-156.75997924804688,-102.47444152832031
-225.84451293945312,1928.146484375,-2283.3359375,-711.8735961914062,2034.6051025390625,-1485.15966796875,6096.9873046875,-6728.7431640625,-1117.378662109375,-3461.66845703125,6639.76416015625,-2360.31005859375,-3627.79052734375,-6430.984375,1306.2506103515625,-575.264892578125,-3403.074951171875,2138.94140625,-3234.988037109375,5162.85595703125,-1364.3499755859375,467.7478332519531,-4359.47900390625,-2077.701416015625,2511.673095703125,3024.903564453125,-2162.77587890625,-1413.8126220703125
-200.9513397216797,1715.6212158203125,-2031.6607666015625,-633.4090576171875,1810.345703125,-1321.4615478515625,5424.96142578125,-5987.08349609375,-994.21826171875,-3080.114501953125,5907.912109375,-2100.150390625,-3227.926025390625,-5722.14453125,1162.272216796875,-511.8576965332031,-3027.979248046875,1903.1817626953125,-2878.419189453125,4593.79248046875,-1213.9677734375,416.19146728515625,-3878.9658203125,-1848.691650390625,2234.829833984375,2691.49072265625,-1924.3890380859375,-1257.978515625
154.2630157470703,-1317.019775390625,1559.6319580078125,486.2450256347656,-1389.736328125,1014.4378051757812,-4164.544921875,4596.06591796875,763.22509765625,2364.491455078125,-4535.2890625,1612.208984375,2477.961181640625,4392.681640625,-892.2340087890625,392.93450927734375,2324.46923828125,-1461.0032958984375,2209.657470703125,-3526.487060546875,931.9187622070312,-319.4949951171875,2977.74072265625,1419.1732177734375,-1715.597412109375,-2066.159423828125,1477.2833251953125,965.7042236328125
138.6565399169922,-1183.779541015625,1401.8470458984375,437.0525817871094,-1249.1395263671875,911.8092041015625,-3743.226318359375,4131.09130859375,686.0111694335938,2125.28076171875,-4076.462890625,1449.10498046875,2227.270751953125,3948.282958984375,-801.968505859375,353.1820983886719,2089.307373046875,-1313.196533203125,1986.1109619140625,-3169.719482421875,837.638427734375,-287.1723327636719,2676.488525390625,1275.5982666015625,-1542.033935546875,-1857.130126953125,1327.8294677734375,868.005859375
-109.17704772949219,932.0985717773438,-1103.80322265625,-344.1317138671875,983.5625,-717.9512329101562,2947.386474609375,-3252.7880859375,-540.1597290039062,-1673.4290771484375,3209.774169921875,-1141.013671875,-1753.735107421875,-3108.846435546875,631.4635620117188,-278.0927734375,-1645.1038818359375,1034.0003662109375,-1563.847900390625,2495.811767578125,-659.5498046875,226.11720275878906,-2107.44580078125,-1004.3959350585938,1214.1851806640625,1462.2894287109375,-1045.5223388671875,-683.4608764648438
-171.2082061767578,1461.689208984375,-1730.9512939453125,-539.6571044921875,1542.3934326171875,-1125.8697509765625,4622.00390625,-5100.92578125,-847.0623779296875,-2624.2216796875,5033.47265625,-1789.3037109375,-2750.1552734375,-4875.2001953125,990.242431640625,-436.0968017578125,-2579.802978515625,1621.48876953125,-2452.379638671875,3913.85791015625,-1034.286376953125,354.59027099609375,-3304.833740234375,-1575.0638427734375,1904.049072265625,2293.11865234375,-1639.5570068359375,-1071.782958984375
-232.2781982421875,1983.073974609375,-2348.3818359375,-732.1528930664062,2092.5654296875,-1527.4676513671875,6270.67333984375,-6920.42626953125,-1149.2095947265625,-3560.28173828125,6828.91259765625,-2427.548583984375,-3731.135986328125,-6614.18505859375,1343.4620361328125,-591.652587890625,-3500.01904296875,2199.8740234375,-3327.143798828125,5309.931640625,-1403.2164306640625,481.0726623535156,-4483.66845703125,-2136.88916015625,2583.2236328125,3111.074462890625,-2224.38720703125,-1454.088134765625
-44.32325744628906,378.40960693359375,-448.1175537109375,-139.70919799804688,399.3027038574219,-291.470947265625,1196.5679931640625,-1320.5537109375,-219.29185485839844,-679.3719482421875,1303.0911865234375,-463.22412109375,-711.9743041992188,-1262.1168212890625,256.3590393066406,-112.89897155761719,-667.8726196289062,419.779296875,-634.8846435546875,1013.2395629882812,-267.7613525390625,91.79814910888672,-855.572265625,-407.7605895996094,492.9299621582031,593.6543579101562,-424.4569091796875,-277.46868896484375
-83.78826141357422,715.3419189453125,-847.1171264648438,-264.1049499511719,754.8380126953125,-550.993896484375,2261.980712890625,-2496.3623046875,-414.5472106933594,-1284.2781982421875,2463.35107421875,-875.6744384765625,-1345.909423828125,-2385.8935546875,484.61865234375,-213.4231414794922,-1262.5400390625,793.5468139648438,-1200.1798095703125,1915.41845703125,-506.17352294921875,173.53433227539062,-1617.36572265625,-770.8267211914062,931.8301391601562,1122.238525390625,-802.3892822265625,-524.5241088867188
30.582996368408203,-261.1021728515625,309.2005920410156,96.39918518066406,-275.5184020996094,201.11460876464844,-825.6305541992188,911.1805419921875,151.31112670898438,468.7658386230469,-899.13134765625,319.6241149902344,491.2614440917969,870.8591918945312,-176.88743591308594,77.90016174316406,460.8313293457031,-289.6472473144531,438.06964111328125,-699.1341552734375,184.75502014160156,-63.340614318847656,590.3438720703125,281.3543395996094,-340.1211242675781,-409.62078857421875,292.8747863769531,191.45306396484375
-242.57662963867188,2070.996826171875,-2452.501220703125,-764.6140747070312,2185.342529296875,-1595.1904296875,6548.69384765625,-7227.2548828125,-1200.1617431640625,-3718.132568359375,7131.68359375,-2535.177978515625,-3896.56201171875,-6907.435546875,1403.026611328125,-617.8844604492188,-3655.197998046875,2297.408935546875,-3474.658203125,5545.35595703125,-1465.4302978515625,502.40179443359375,-4682.458984375,-2231.631591796875,2697.755126953125,3249.009033203125,-2323.009033203125,-1518.5574951171875
-226.96530151367188,1937.7152099609375,-2294.66748046875,-715.4063720703125,2044.7021484375,-1492.530029296875,6127.244140625,-6762.1357421875,-1122.923828125,-3478.84765625,6672.71533203125,-2372.0234375,-3645.7939453125,-6462.89892578125,1312.7330322265625,-578.1197509765625,-3419.963134765625,2149.55615234375,-3251.042236328125,5188.4775390625,-1371.1207275390625,470.069091796875,-4381.11328125,-2088.01220703125,2524.1376953125,3039.9150390625,-2173.5087890625,-1420.828857421875
-1.5178087949752808,12.958285331726074,-15.345369338989258,-4.784212112426758,13.673750877380371,-9.981151580810547,40.97536087036133,-45.22113800048828,-7.509445667266846,-23.264461517333984,44.623146057128906,-15.862680435180664,-24.38089942932129,-43.22002029418945,8.778777122497559,-3.8661205768585205,-22.870677947998047,14.37495231628418,-21.74103546142578,34.69744873046875,-9.169239044189453,3.1435422897338867,-29.29827880859375,-13.963382720947266,16.87993049621582,20.32914161682129,-14.535133361816406,-9.501657485961914
-22.37110137939453,190.9931640625,-226.17657470703125,-70.5148696899414,201.53846740722656,-147.1129608154297,603.9390258789062,-666.517822265625,-110.68229675292969,-342.8966979980469,657.7039794921875,-233.80125427246094,-359.3519287109375,-637.023193359375,129.3910675048828,-56.98304748535156,-337.0926818847656,211.87353515625,-320.4427795410156,511.4083557128906,-135.1461181640625,46.33291244506836,-431.82958984375,-205.807373046875,248.79457092285156,299.6327819824219,-214.2344512939453,-140.045654296875
56.379302978515625,-481.3380432128906,570.0067138671875,177.71047973632812,-507.91412353515625,370.7518310546875,-1522.037841796875,1679.7479248046875,278.9398193359375,864.1629638671875,-1657.5355224609375,589.2223510742188,905.6332397460938,1605.416015625,-326.0893859863281,143.60780334472656,849.5357666015625,-533.9603881835938,807.574951171875,-1288.843505859375,340.5931701660156,-116.76749420166016,1088.290283203125,518.6725463867188,-627.0082397460938,-755.1299438476562,539.9103393554688,352.94091796875
3439.7236328125,3159.287109375,149.4439239501953,-2062.54736328125,505.977294921875,-1373.3770751953125,47.23875045776367,436.45330810546875,-463.0401306152344,-1033.183837890625,767.2152709960938,942.352294921875,3970.82861328125,239.77328491210938,-125.94140625,563.4703369140625,676.8309326171875,-1631.6075439453125,-553.98779296875,-2808.111328125,-930.11376953125,81.32334899902344,-2293.781494140625,1931.324462890625,-340.01947021484375,-133.28939819335938,-1266.353515625,388.7460632324219
-3409.9970703125,-3131.984375,-148.1524200439453,2044.7225341796875,-501.6046142578125,1361.50830078125,-46.830509185791016,-432.68145751953125,459.0384826660156,1024.2550048828125,-760.5849609375,-934.2084350585938,-3936.51220703125,-237.70114135742188,124.85301208496094,-558.6007690429688,-670.981689453125,1617.507080078125,549.2001342773438,2783.84326171875,922.0756225585938,-80.62054443359375,2273.95849609375,-1914.6337890625,337.08099365234375,132.13751220703125,1255.4095458984375,-385.3865051269531
-1824.100341796875,-1675.3837890625,-79.25076293945312,1093.77783203125,-268.32196044921875,728.307861328125,-25.050914764404297,-231.45309448242188,245.5522003173828,547.9019165039062,-406.85760498046875,-499.7335510253906,-2105.747802734375,-127.15281677246094,66.78727722167969,-298.8107604980469,-358.9263916015625,865.2485961914062,293.7821350097656,1489.1536865234375,493.2433776855469,-43.126129150390625,1216.40234375,-1024.1898193359375,180.3137969970703,70.68395233154297,671.5527954101562,-206.1537322998047
-1761.377197265625,-1617.7742919921875,-76.5256576538086,1056.1673583984375,-259.0954895019531,703.264404296875,-24.189517974853516,-223.494384765625,237.10867309570312,529.0618286132812,-392.8674621582031,-482.5498046875,-2033.33984375,-122.78056335449219,64.49073791503906,-288.5359191894531,-346.58441162109375,835.496337890625,283.68017578125,1437.9478759765625,476.28277587890625,-41.6431999206543,1174.5753173828125,-988.97216796875,174.1135711669922,68.25342559814453,648.4608764648438,-199.06497192382812
-9266.66796875,-8511.16796875,-402.6042175292969,5556.53369140625,-1363.110595703125,3699.89892578125,-127.26190948486328,-1175.8118896484375,1247.4371337890625,2783.4130859375,-2066.8896484375,-2538.71142578125,-10697.47265625,-645.952880859375,339.2880554199219,-1517.9976806640625,-1823.392822265625,4395.57568359375,1492.4515380859375,7565.0947265625,2505.740478515625,-219.0863494873047,6179.48193359375,-5203.017578125,916.0176391601562,359.08367919921875,3411.57568359375,-1047.287841796875
2171.447021484375,1994.4117431640625,94.34175872802734,-1302.055908203125,319.41607666015625,-866.9928588867188,29.821130752563477,275.5265808105469,-292.3104553222656,-652.2338256835938,484.331787109375,594.8932495117188,2506.725830078125,151.36537170410156,-79.50496673583984,355.7105712890625,427.2734680175781,-1030.010009765625,-349.724365234375,-1772.719482421875,-587.1671752929688,51.33824157714844,-1448.0306396484375,1219.216796875,-214.64930725097656,-84.14364624023438,-799.430419921875,245.4097137451172
2361.842529296875,2169.284423828125,102.61376953125,-1416.221923828125,347.4228820800781,-943.011962890625,32.43588638305664,299.68511962890625,-317.94061279296875,-709.4225463867188,526.7986450195312,647.0542602539062,2726.51904296875,164.6372833251953,-86.47606658935547,386.8997497558594,464.73736572265625,-1120.3226318359375,-380.388671875,-1928.1539306640625,-638.6507568359375,55.83964538574219,-1574.995849609375,1326.119384765625,-233.4700469970703,-91.52147674560547,-869.5255126953125,266.92755126953125
-3530.546142578125,-3242.705078125,-153.3898468017578,2117.0068359375,-519.337158203125,1409.639892578125,-48.48604202270508,-447.9774475097656,475.2662658691406,1060.464111328125,-787.472900390625,-967.2342529296875,-4075.674560546875,-246.10427856445312,129.2667694091797,-578.3482055664062,-694.7020263671875,1674.6885986328125,568.6152954101562,2882.2568359375,954.6724853515625,-83.47061920166016,2354.3466796875,-1982.3192138671875,348.9973449707031,136.8087921142578,1299.7904052734375,-399.01055908203125
-7421.35498046875,-6816.30126953125,-322.4318542480469,4450.03662109375,-1091.6683349609375,2963.12158203125,-101.91968536376953,-941.667236328125,999.0294799804688,2229.1396484375,-1655.30078125,-2033.1666259765625,-8567.2373046875,-517.3214111328125,271.72412109375,-1215.7120361328125,-1460.2926025390625,3520.26513671875,1195.2530517578125,6058.6240234375,2006.7613525390625,-175.45870971679688,4948.9345703125,-4166.91748046875,733.6069946289062,287.5777587890625,2732.213623046875,-838.73681640625
1433.6114501953125,1316.7308349609375,62.2853889465332,-859.6305541992188,210.88172912597656,-572.3975219726562,19.688213348388672,181.90545654296875,-192.986328125,-430.6114196777344,319.7607727050781,392.7545471191406,1654.9659423828125,99.93295288085938,-52.489986419677734,234.84373474121094,282.09027099609375,-680.0230712890625,-230.89158630371094,-1170.367431640625,-387.65374755859375,33.89402770996094,-956.0045776367188,804.9393310546875,-141.71365356445312,-55.552494049072266,-527.7921142578125,162.02198791503906
-1182.115966796875,-1085.739501953125,-51.35879135131836,708.8273315429688,-173.88717651367188,471.98297119140625,-16.234350204467773,-149.99415588378906,159.13113403320312,355.07012939453125,-263.665771484375,-323.85443115234375,-1364.638671875,-82.40191650390625,43.281776428222656,-193.64556884765625,-232.603759765625,560.72802734375,190.38674926757812,965.05224609375,319.6484375,-27.948068618774414,788.2946166992188,-663.73046875,116.85311889648438,45.80703353881836,435.2026062011719,-133.5988006591797
4858.10009765625,4462.025390625,211.06741333007812,-2913.042724609375,714.6180419921875,-1939.69189453125,66.71773529052734,616.4256591796875,-653.9756469726562,-1459.21923828125,1083.5780029296875,1330.93310546875,5608.20751953125,338.6442565917969,-177.87359619140625,795.8184204101562,955.9235229492188,-2304.404052734375,-782.4257202148438,-3966.04150390625,-1313.64794921875,114.85719299316406,-3239.626708984375,2727.709716796875,-480.2271423339844,-188.25155639648438,-1788.536865234375,549.0462646484375
3276.510498046875,3009.380615234375,142.35289001464844,-1964.6805419921875,481.9689636230469,-1308.2110595703125,44.99729537963867,415.74383544921875,-441.0691223144531,-984.1598510742188,730.8113403320312,897.63818359375,3782.414794921875,228.39617919921875,-119.9655532836914,536.7339477539062,644.7156982421875,-1554.188720703125,-527.7013549804688,-2674.867919921875,-885.9803466796875,77.464599609375,-2184.94287109375,1839.68408203125,-323.8857116699219,-126.96489715576172,-1206.2657470703125,370.30029296875
4860.38623046875,4464.125,211.166748046875,-2914.41357421875,714.954345703125,-1940.6046142578125,66.74913787841797,616.7157592773438,-654.2833862304688,-1459.9058837890625,1084.087890625,1331.5594482421875,5610.8466796875,338.8036193847656,-177.95729064941406,796.1929321289062,956.3733520507812,-2305.488525390625,-782.7938842773438,-3967.90771484375,-1314.26611328125,114.91124725341797,-3241.151123046875,2728.993408203125,-480.4531555175781,-188.3401336669922,-1789.3785400390625,549.3046264648438
3679.665283203125,3379.666748046875,159.86854553222656,-2206.422607421875,541.2723388671875,-1469.1785888671875,50.533939361572266,466.8985900878906,-495.3399963378906,-1105.2547607421875,820.7332153320312,1008.087158203125,4247.81787109375,256.4989318847656,-134.72659301757812,602.7758178710938,724.0440063476562,-1745.422119140625,-592.6317749023438,-3003.994140625,-994.994873046875,86.99615478515625,-2453.78662109375,2066.046142578125,-363.7379150390625,-142.587158203125,-1354.689453125,415.8634948730469
3636.4794921875,3340.001708984375,157.99227905273438,-2180.527099609375,534.9197387695312,-1451.9356689453125,49.940853118896484,461.4189147949219,-489.5265197753906,-1092.2830810546875,811.100830078125,996.255859375,4197.96435546875,253.4885711669922,-133.1453857421875,595.701416015625,715.54638671875,-1724.937255859375,-585.6764526367188,-2968.73828125,-983.3171997070312,85.97513580322266,-2424.98828125,2041.7982177734375,-359.46893310546875,-140.9136962890625,-1338.790283203125,410.9827575683594
2927.608154296875,2688.923828125,127.19430541992188,-1755.4696044921875,430.6460266113281,-1168.905029296875,40.20571517944336,371.47296142578125,-394.1014709472656,-879.3606567382812,652.9901733398438,802.0523681640625,3379.640869140625,204.0751953125,-107.19091033935547,479.579345703125,576.0625,-1388.689453125,-471.5085754394531,-2390.031982421875,-791.6358642578125,69.21571350097656,-1952.277099609375,1643.78369140625,-289.3964538574219,-113.44491577148438,-1077.8154296875,330.8684997558594
1802.3927001953125,1655.44580078125,78.3076400756836,-1080.76123046875,265.1287841796875,-719.640625,24.752796173095703,228.6986846923828,-242.6300048828125,-541.381591796875,402.0157775878906,493.7864685058594,2080.688232421875,125.63963317871094,-65.99247741699219,295.2547607421875,354.6549987792969,-854.9517211914062,-290.2859802246094,-1471.431884765625,-487.3735046386719,42.6129035949707,-1201.926513671875,1012.0014038085938,-178.16798400878906,-69.8427734375,-663.5609741210938,203.70040893554688
6296.39111328125,5783.05419921875,273.5561218261719,-3775.479248046875,926.1881103515625,-2513.957763671875,86.47021484375,798.9249267578125,-847.5919189453125,-1891.2362060546875,1404.3824462890625,1724.9697265625,7268.57568359375,438.9034118652344,-230.534912109375,1031.4287109375,1238.9345703125,-2986.64697265625,-1014.0709838867188,-5140.22900390625,-1702.5670166015625,148.8618621826172,-4198.751953125,3535.276611328125,-622.4033813476562,-243.98538208007812,-2318.0517578125,711.5971069335938
-4752.0703125,-4364.6396484375,-206.46078491210938,2849.46435546875,-699.0211791992188,1897.357177734375,-65.2615966796875,-602.971923828125,639.7023315429688,1427.3712158203125,-1059.928466796875,-1301.8848876953125,-5485.8056640625,-331.2532043457031,173.99142456054688,-778.4493408203125,-935.06005859375,2254.109619140625,765.3489379882812,3879.48095703125,1284.97705078125,-112.35038757324219,3168.92041015625,-2668.17626953125,469.7460021972656,184.14288330078125,1749.501220703125,-537.0631103515625
2848.183349609375,2615.974365234375,123.74357604980469,-1707.844482421875,418.9627685546875,-1137.193115234375,39.114952087402344,361.3950500488281,-383.4096374511719,-855.5039672851562,635.2748413085938,780.29296875,3287.95263671875,198.53871154785156,-104.2828598022461,466.56854248046875,560.4341430664062,-1351.014892578125,-458.71673583984375,-2325.19140625,-770.1591186523438,67.3379135131836,-1899.3125,1599.1884765625,-281.54522705078125,-110.36720275878906,-1048.57470703125,321.8921813964844
1068.9913330078125,981.8377685546875,46.44392395019531,-640.994873046875,157.2467498779297,-426.81573486328125,14.68077564239502,135.64019775390625,-143.90280151367188,-321.0910949707031,238.43382263183594,292.86260986328125,1234.047119140625,74.51632690429688,-39.13985061645508,175.11431884765625,210.34434509277344,-507.0681457519531,-172.1673583984375,-872.699951171875,-289.0591125488281,25.273529052734375,-712.857421875,600.213623046875,-105.670654296875,-41.4234504699707,-393.5551452636719,120.81382751464844
1618.7208251953125,1486.74853515625,70.32774353027344,-970.6268920898438,238.11099243164062,-646.3060302734375,22.230375289916992,205.39328002929688,-217.90492248535156,-486.21240234375,361.048583984375,443.4674072265625,1868.6568603515625,112.83639526367188,-59.267547607421875,265.1669921875,318.5140686035156,-767.8283081054688,-260.70452880859375,-1321.4864501953125,-437.7080078125,38.27046203613281,-1079.44482421875,908.8739624023438,-160.01187133789062,-62.725486755371094,-595.941162109375,182.9424285888672
3672.81591796875,3373.375732421875,159.5709686279297,-2202.3154296875,540.2647705078125,-1466.4437255859375,50.43987274169922,466.0295104980469,-494.41796875,-1103.1973876953125,819.2055053710938,1006.2106323242188,4239.9111328125,256.021484375,-134.47579956054688,601.65380859375,722.6962890625,-1742.1732177734375,-591.5286865234375,-2998.40234375,-993.1427612304688,86.83421325683594,-2449.21923828125,2062.2001953125,-363.0608215332031,-142.3217315673828,-1352.167724609375,415.0893859863281
1151.6619873046875,1057.768310546875,50.03567123413086,-690.5662841796875,169.40745544433594,-459.8236083984375,15.816116333007812,146.1299591064453,-155.03155517578125,-345.9227294921875,256.8731384277344,315.5111999511719,1329.482421875,80.27906036376953,-42.16674041748047,188.65682983398438,226.61135864257812,-546.2823486328125,-185.48194885253906,-940.1903076171875,-311.41357421875,27.22806167602539,-767.986328125,646.6312866210938,-113.84272003173828,-44.62693786621094,-423.99078369140625,130.156982421875
1106.921142578125,1016.6751708984375,48.09183883666992,-663.738525390625,162.82615661621094,-441.9599609375,15.201677322387695,140.45297241210938,-149.0087432861328,-332.4840087890625,246.89390563964844,303.2539367675781,1277.83349609375,77.1603012084961,-40.52860641479492,181.3277130126953,217.80775451660156,-525.0598754882812,-178.2761688232422,-903.6649780273438,-299.31549072265625,26.1702823638916,-738.1509399414062,621.5103759765625,-109.42005157470703,-42.89323043823242,-407.51922607421875,125.10053253173828
230.80345153808594,211.986328125,10.027600288391113,-138.39572143554688,33.950782775878906,-92.15280151367188,3.1696925163269043,29.285762786865234,-31.06972312927246,-69.32603454589844,51.479698181152344,63.231292724609375,266.4402770996094,16.088647842407227,-8.450594902038574,37.808528900146484,45.41496276855469,-109.47991943359375,-37.17225646972656,-188.42262268066406,-62.410091400146484,5.456749439239502,-153.91139221191406,129.5907440185547,-22.815107345581055,-8.943641662597656,-84.9715805053711,26.08463478088379
1075.5838623046875,987.892822265625,46.7303466796875,-644.9479370117188,158.21649169921875,-429.4479675292969,14.771313667297363,136.47669982910156,-144.79026794433594,-323.0712890625,239.90426635742188,294.6687316894531,1241.6575927734375,74.97586822509766,-39.381229400634766,176.19427490234375,211.6415557861328,-510.1952819824219,-173.2291259765625,-878.0819091796875,-290.8417663574219,25.429393768310547,-717.253662109375,603.9152221679688,-106.32233428955078,-41.67890930175781,-395.98223876953125,121.55889892578125
-2612.250244140625,-1714.375244140625,2434.6240234375,-21.9856014251709,2460.622802734375,-6.936889171600342,2099.58056640625,1156.7181396484375,110.83902740478516,36.545772552490234,-1767.626708984375,-1082.05908203125,303.2765197753906,-553.7108764648438,1663.5849609375,-3995.60009765625,3480.2578125,1112.4696044921875,1082.2708740234375,-2728.776123046875,1504.75830078125,-2501.739990234375,3692.720947265625,-2970.439697265625,-2473.904296875,-3294.1357421875,-2207.284423828125,2711.164306640625
1235.548828125,810.8695068359375,-1151.53466796875,10.398804664611816,-1163.8316650390625,3.281027317047119,-993.06494140625,-547.1074829101562,-52.424922943115234,-17.285511016845703,836.0565795898438,511.7950439453125,-143.4445037841797,261.89556884765625,-786.8466186523438,1889.8489990234375,-1646.1011962890625,-526.1787109375,-511.8952331542969,1290.6634521484375,-711.7244262695312,1183.279296875,-1746.592529296875,1404.966064453125,1170.113525390625,1558.0687255859375,1044.007080078125,-1282.3333740234375
810.0355224609375,531.6124877929688,-754.9552612304688,6.817538738250732,-763.0172119140625,2.1510674953460693,-651.0612182617188,-358.68798828125,-34.37019348144531,-11.332517623901367,548.1253051757812,335.536865234375,-94.04335021972656,171.7008056640625,-515.8628540039062,1239.0,-1079.1968994140625,-344.9669189453125,-335.6025695800781,846.169189453125,-466.6121520996094,775.7672729492188,-1145.079833984375,921.1068725585938,767.1356811523438,1021.482177734375,684.4592895507812,-840.7078857421875
-655.2942504882812,-430.0583801269531,610.7359619140625,-5.5151824951171875,617.2578125,-1.7401484251022339,526.6888427734375,290.167724609375,27.804447174072266,9.16766357421875,-443.4167785644531,-271.4391784667969,76.07821655273438,-138.9007568359375,417.31744384765625,-1002.3134765625,873.0376586914062,279.0677795410156,271.4923095703125,-684.5252685546875,377.47509765625,-627.572265625,926.3349609375,-745.1475830078125,-620.5895385742188,-826.34814453125,-553.7068481445312,680.1072387695312
2470.047119140625,1621.0496826171875,-2302.09033203125,20.788768768310547,-2326.673828125,6.55926513671875,-1985.28564453125,-1093.7498779296875,-104.80528259277344,-34.55632781982422,1671.40234375,1023.1549682617188,-286.76702880859375,523.5684814453125,-1573.0242919921875,3778.09130859375,-3290.802978515625,-1051.9100341796875,-1023.3552856445312,2580.229736328125,-1422.84375,2365.552734375,-3491.7001953125,2808.73779296875,2339.232177734375,3114.812744140625,2087.12646484375,-2563.576416015625
-2377.907958984375,-1560.580322265625,2216.216552734375,-20.013296127319336,2239.883056640625,-6.3145880699157715,1911.2293701171875,1052.9501953125,100.8957748413086,33.26728820800781,-1609.0548095703125,-984.9886474609375,276.0699157714844,-504.0380554199219,1514.3465576171875,-3637.158935546875,3168.047607421875,1012.671142578125,985.1815185546875,-2483.98046875,1369.76806640625,-2277.3115234375,3361.450927734375,-2703.964599609375,-2251.972900390625,-2998.622314453125,-2009.2713623046875,2467.948486328125
-2534.919677734375,-1663.6243896484375,2362.5517578125,-21.334758758544922,2387.78076171875,-6.7315354347229,2037.4263916015625,1122.4757080078125,107.55784606933594,35.46390151977539,-1715.2994384765625,-1050.0267333984375,294.298583984375,-537.3192749023438,1614.337646484375,-3877.31787109375,3377.2314453125,1079.537109375,1050.2322998046875,-2647.995849609375,1460.2127685546875,-2427.6806640625,3583.405029296875,-2882.50537109375,-2400.6689453125,-3196.619140625,-2141.942138671875,2630.9052734375
-1268.35791015625,-832.401611328125,1182.1129150390625,-10.674938201904297,1194.7364501953125,-3.3681528568267822,1019.4351196289062,561.6355590820312,53.81703567504883,17.744516372680664,-858.2575073242188,-525.3854370117188,147.25357055664062,-268.85003662109375,807.7408447265625,-1940.03271484375,1689.812255859375,540.1510620117188,525.48828125,-1324.9361572265625,730.623779296875,-1214.7005615234375,1792.97216796875,-1442.2740478515625,-1201.1851806640625,-1599.442138671875,-1071.72998046875,1316.3848876953125
3240.348388671875,2126.585205078125,-3020.01318359375,27.27189064025879,-3052.26318359375,8.604817390441895,-2604.41064453125,-1434.84326171875,-137.48953247070312,-45.33295822143555,2192.640625,1342.23291015625,-376.19732666015625,686.846923828125,-2063.582763671875,4956.3154296875,-4317.0625,-1379.9554443359375,-1342.4957275390625,3384.89208984375,-1866.5673828125,3103.2666015625,-4580.61083984375,3684.662109375,3068.738037109375,4086.188720703125,2738.01123046875,-3363.04541015625
613.7581176757812,402.7989501953125,-572.024169921875,5.165600299835205,-578.1326904296875,1.6298483610153198,-493.3044128417969,-271.7752990722656,-26.042049407958984,-8.586567878723145,415.31060791015625,254.23387145996094,-71.25596618652344,130.09646606445312,-390.8656005859375,938.7813720703125,-817.6997680664062,-261.37896728515625,-254.2836456298828,641.1362915039062,-353.5486755371094,587.7932739257812,-867.6187744140625,697.9160766601562,581.253173828125,773.9696655273438,518.60986328125,-636.998291015625
1822.31396484375,1195.9534912109375,-1698.4013671875,15.337224006652832,-1716.5382080078125,4.839195251464844,-1464.6739501953125,-806.93017578125,-77.3216552734375,-25.494443893432617,1233.1019287109375,754.8477783203125,-211.566650390625,386.27044677734375,-1160.5220947265625,2787.343017578125,-2427.8388671875,-776.0623168945312,-754.9955444335938,1903.602783203125,-1049.72412109375,1745.2216796875,-2576.0537109375,2072.18798828125,1725.8033447265625,2297.99951171875,1539.80859375,-1891.316650390625
2905.5087890625,1906.835693359375,-2707.941650390625,24.453763961791992,-2736.859130859375,7.715643405914307,-2335.28515625,-1286.574462890625,-123.28211975097656,-40.64849853515625,1966.0653076171875,1203.533935546875,-337.32318115234375,615.8719482421875,-1850.3436279296875,4444.1572265625,-3870.961181640625,-1237.3585205078125,-1203.76953125,3035.115966796875,-1673.6866455078125,2782.59228515625,-4107.27587890625,3303.909423828125,2751.631591796875,3663.944580078125,2455.080322265625,-3015.52685546875
2518.982177734375,1653.164794921875,-2347.697998046875,21.20062255859375,-2372.768310546875,6.689213275909424,-2024.6168212890625,-1115.41845703125,-106.8816146850586,-35.240936279296875,1704.5150146484375,1043.425048828125,-292.4482727050781,533.9411010742188,-1604.18798828125,3852.9404296875,-3355.998046875,-1072.7498779296875,-1043.6292724609375,2631.347412109375,-1451.0322265625,2412.41748046875,-3560.87548828125,2864.382568359375,2385.57568359375,3176.521484375,2128.475341796875,-2614.3642578125
364.9136047363281,239.48654174804688,-340.1004333496094,3.0712387561798096,-343.7322692871094,0.9690362215042114,-293.297119140625,-161.5856475830078,-15.483458518981934,-5.10519552230835,246.92543029785156,151.1562957763672,-42.365665435791016,77.34963989257812,-232.39149475097656,558.1581420898438,-486.1683349609375,-155.40443420410156,-151.18588256835938,381.19146728515625,-210.20449829101562,349.47607421875,-515.8480224609375,414.9502258300781,345.5876159667969,460.1683654785156,308.3426208496094,-378.731201171875
-300.8866882324219,-197.46678161621094,280.42718505859375,-2.5323662757873535,283.4217834472656,-0.7990112900733948,241.83587646484375,133.2342071533203,12.766765594482422,4.209449768066406,-203.60044860839844,-124.63475036621094,34.932281494140625,-63.77804946899414,191.61660766601562,-460.2249755859375,400.8663330078125,128.1375274658203,124.65914916992188,-314.3084716796875,173.32249450683594,-288.15777587890625,425.3384704589844,-342.14398193359375,-284.95159912109375,-379.4282531738281,-254.2415313720703,312.2798767089844
2476.841552734375,1625.5086669921875,-2308.4228515625,20.8459529876709,-2333.073974609375,6.577308177947998,-1990.74658203125,-1096.7584228515625,-105.09356689453125,-34.65138244628906,1675.9998779296875,1025.9693603515625,-287.55584716796875,525.0086669921875,-1577.351318359375,3788.48388671875,-3299.85498046875,-1054.8035888671875,-1026.170166015625,2587.3271484375,-1426.757568359375,2372.0595703125,-3501.304931640625,2816.4638671875,2345.666748046875,3123.380859375,2092.86767578125,-2570.628173828125
183.49000549316406,120.42135620117188,-171.01316833496094,1.5443153381347656,-172.83938598632812,0.4872618317604065,-147.47900390625,-81.2503433227539,-7.785568714141846,-2.5670526027679443,124.16185760498047,76.0061264038086,-21.30278778076172,38.893829345703125,-116.85374450683594,280.659423828125,-244.46070861816406,-78.14222717285156,-76.02100372314453,191.67503356933594,-105.69742584228516,175.7275390625,-259.38458251953125,208.64999389648438,173.7722930908203,231.38710021972656,155.0443572998047,-190.4379425048828
1688.8353271484375,1108.3536376953125,-1573.9989013671875,14.213820457458496,-1590.8072509765625,4.484739780426025,-1357.3912353515625,-747.8251342773438,-71.65808868408203,-23.627058029174805,1142.7811279296875,699.5575561523438,-196.070068359375,357.97735595703125,-1075.517578125,2583.178955078125,-2250.00732421875,-719.2182006835938,-699.6945190429688,1764.169921875,-972.8351440429688,1617.3897705078125,-2387.365966796875,1920.4068603515625,1599.393798828125,2129.67822265625,1427.0224609375,-1752.78369140625
-675.1735229492188,-443.1048278808594,629.2634887695312,-5.682493686676025,635.9832763671875,-1.7929383516311646,542.6666870117188,298.9703674316406,28.64793586730957,9.445778846740723,-456.86846923828125,-279.6736755371094,78.38616180419922,-143.11451721191406,429.9773864746094,-1032.7200927734375,899.5225219726562,287.5337219238281,279.7284240722656,-705.2913208007812,388.9263610839844,-646.610595703125,954.4366455078125,-767.7527465820312,-639.416015625,-851.4166259765625,-570.5043334960938,700.7392578125
-1081.6722412109375,-709.8829956054688,1008.1213989257812,-9.103727340698242,1018.8869018554688,-2.8724048137664795,869.3876342773438,478.97015380859375,45.895870208740234,15.132756233215332,-731.9332275390625,-448.0555725097656,125.57977294921875,-229.27883911132812,688.8519897460938,-1654.4853515625,1441.0941162109375,460.64788818359375,448.1432800292969,-1129.9229736328125,623.0855102539062,-1035.9124755859375,1529.070068359375,-1229.990234375,-1024.386474609375,-1364.0252685546875,-913.9853515625,1122.6302490234375
-4516.63330078125,-2964.189208984375,4209.51416015625,-38.013545989990234,4254.46630859375,-11.994020462036133,3630.217041015625,1999.9888916015625,191.64291381835938,63.18837356567383,-3056.26220703125,-1870.90185546875,524.3712158203125,-957.3772583007812,2876.371826171875,-6908.47265625,6017.43603515625,1923.482421875,1871.2681884765625,-4718.10888671875,2601.757568359375,-4325.55908203125,6384.7890625,-5135.9501953125,-4277.43017578125,-5695.626953125,-3816.439453125,4687.65771484375
1230.4190673828125,807.5029907226562,-1146.7537841796875,10.355631828308105,-1158.9996337890625,3.2674052715301514,-988.9419555664062,-544.8359985351562,-52.20726776123047,-17.2137451171875,832.58544921875,509.670166015625,-142.8489532470703,260.8082275390625,-783.579833984375,1882.0028076171875,-1639.2669677734375,-523.994140625,-509.76995849609375,1285.304931640625,-708.7694702148438,1178.3665771484375,-1739.341064453125,1399.133056640625,1165.2554931640625,1551.5999755859375,1039.6724853515625,-1277.0093994140625
-4825.0810546875,-3166.6181640625,4496.98828125,-40.60955047607422,4545.01025390625,-12.8131103515625,3878.130126953125,2136.5712890625,204.73049926757812,67.50360107421875,-3264.97900390625,-1998.6685791015625,560.1813354492188,-1022.7579956054688,3072.8037109375,-7380.2626953125,6428.37548828125,2054.83984375,1999.059814453125,-5040.31591796875,2779.435302734375,-4620.9580078125,6820.81591796875,-5486.69189453125,-4569.54248046875,-6084.58984375,-4077.06982421875,5007.78466796875
484.9614562988281,318.27191162109375,-451.9853515625,4.081603050231934,-456.8119812011719,1.2878259420394897,-389.78485107421875,-214.74346923828125,-20.577146530151367,-6.7846832275390625,328.1579895019531,200.8831024169922,-56.30295944213867,102.79582977294922,-308.8427429199219,741.77880859375,-646.1061401367188,-206.52879333496094,-200.92242431640625,506.5943603515625,-279.35675048828125,464.4453430175781,-685.5496826171875,551.4589233398438,459.2776794433594,611.552734375,409.7799987792969,-503.32470703125
3691.9033203125,2422.93310546875,-3440.863525390625,31.07233428955078,-3477.607666015625,9.803932189941406,-2967.34521484375,-1634.794189453125,-156.64923095703125,-51.6502799987793,2498.193603515625,1529.2781982421875,-428.6218566894531,782.5617065429688,-2351.151123046875,5646.99658203125,-4918.66162109375,-1572.257568359375,-1529.57763671875,3856.58984375,-2126.6806640625,3535.71875,-5218.9365234375,4198.1337890625,3496.37841796875,4655.61474609375,3119.563720703125,-3831.69873046875
58.03609848022461,38.08810043334961,-54.08979797363281,0.48845186829566956,-54.66740798950195,0.15411615371704102,-46.64616775512695,-25.698688507080078,-2.4624993801116943,-0.811933696269989,39.271183013916016,24.039997100830078,-6.737863540649414,12.301738739013672,-36.95969772338867,88.76983642578125,-77.3205337524414,-24.715625762939453,-24.044702529907227,60.624942779541016,-33.43106460571289,55.58090591430664,-82.04080963134766,65.99395751953125,54.96248245239258,73.18547821044922,49.03901672363281,-60.23366165161133
-3566.05322265625,-2340.33984375,3323.571044921875,-30.01313591003418,3359.062744140625,-9.469734191894531,2866.194091796875,1579.067138671875,151.30934143066406,49.889617919921875,-2413.034912109375,-1477.14794921875,414.0109558105469,-755.8856201171875,2271.004638671875,-5454.50146484375,4750.99365234375,1518.6622314453125,1477.4371337890625,-3725.1259765625,2054.186279296875,-3415.19287109375,5041.033203125,-4055.02734375,-3377.193603515625,-4496.91357421875,-3013.2236328125,3701.08349609375
1106.306884765625,726.05029296875,-1031.0809326171875,9.311060905456543,-1042.091552734375,2.9378225803375244,-889.1875,-489.87847900390625,-46.94112777709961,-15.477397918701172,748.6026611328125,458.25982666015625,-128.43978881835938,234.50054931640625,-704.5402221679688,1692.1654052734375,-1473.914306640625,-471.138916015625,-458.3495178222656,1155.6563720703125,-637.2760009765625,1059.5050048828125,-1563.8939208984375,1258.002685546875,1047.71630859375,1395.09033203125,934.8009033203125,-1148.1976318359375
522.7662963867188,262.56768798828125,518.4027709960938,504.5364990234375,-380.8279113769531,420.35089111328125,309.06207275390625,121.07311248779297,-332.266845703125,-467.77410888671875,-584.2446899414062,200.59848022460938,-255.5120391845703,-1433.25732421875,530.6510009765625,177.09799194335938,-117.11663055419922,664.078857421875,-642.5380249023438,-487.5537109375,-241.26004028320312,-1083.378173828125,-41.52471160888672,76.01576232910156,-289.7286682128906,371.3333435058594,-838.7868041992188,-54.685733795166016
1065.290283203125,535.0590209960938,1056.3983154296875,1028.1417236328125,-776.049072265625,856.5887451171875,629.8049926757812,246.72213745117188,-677.091552734375,-953.2274780273438,-1190.5706787109375,408.77850341796875,-520.6810302734375,-2920.683837890625,1081.3577880859375,360.88934326171875,-238.6596221923828,1353.25634765625,-1309.3604736328125,-993.5343017578125,-491.6383972167969,-2207.7021484375,-84.61882781982422,154.90451049804688,-590.4075317382812,756.7010498046875,-1709.2752685546875,-111.43829345703125
-1949.7689208984375,-979.302490234375,-1933.4942626953125,-1881.777099609375,1420.37939453125,-1567.7886962890625,-1152.7132568359375,-451.5681457519531,1239.2603759765625,1744.663818359375,2179.06591796875,-748.175048828125,952.9869384765625,5345.640625,-1979.1767578125,-660.5249633789062,436.81158447265625,-2476.824462890625,2396.483154296875,1818.4361572265625,899.8310546875,4040.691162109375,154.8753204345703,-283.51708984375,1080.605224609375,-1384.96728515625,3128.435302734375,203.96217346191406
3586.896484375,1801.5758056640625,3556.956787109375,3461.815185546875,-2613.00390625,2884.185791015625,2120.59130859375,830.728271484375,-2279.807861328125,-3209.574462890625,-4008.72314453125,1376.3818359375,-1753.1644287109375,-9834.1181640625,3640.99658203125,1215.1361083984375,-803.581298828125,4556.49560546875,-4408.6953125,-3345.289794921875,-1655.3760986328125,-7433.4658203125,-284.91668701171875,521.5728149414062,-1987.9376220703125,2547.85791015625,-5755.232421875,-375.21942138671875
-2126.923583984375,-1068.28125,-2109.170166015625,-2052.754150390625,1549.43408203125,-1710.2369384765625,-1257.447998046875,-492.5973205566406,1351.8587646484375,1903.1827392578125,2377.054443359375,-816.1537475585938,1039.57470703125,5831.341796875,-2159.00341796875,-720.539794921875,476.4999694824219,-2701.8671875,2614.22607421875,1983.657958984375,981.5890502929688,4407.82568359375,168.94717407226562,-309.2772521972656,1178.788330078125,-1510.8045654296875,3412.682861328125,222.49403381347656
-2767.965576171875,-1390.2547607421875,-2744.861328125,-2671.44189453125,2016.4241943359375,-2225.692138671875,-1636.4351806640625,-641.0631713867188,1759.3009033203125,2476.79052734375,3093.484130859375,-1062.1375732421875,1352.896240234375,7588.873046875,-2809.714111328125,-937.7061767578125,620.1141967773438,-3516.193603515625,3402.13818359375,2581.5205078125,1277.43408203125,5736.31787109375,219.86685180664062,-402.4915771484375,1534.0679931640625,-1966.15185546875,4441.2451171875,289.5523986816406
3133.2490234375,1573.7242431640625,3107.095947265625,3023.9873046875,-2282.528076171875,2519.41259765625,1852.3927001953125,725.6631469726562,-1991.47265625,-2803.648193359375,-3501.725830078125,1202.3060302734375,-1531.435546875,-8590.36328125,3180.507080078125,1061.45361328125,-701.9495849609375,3980.219482421875,-3851.1123046875,-2922.19921875,-1446.0147705078125,-6493.32958984375,-248.8822784423828,455.607666015625,-1736.5162353515625,2225.62158203125,-5027.34814453125,-327.76409912109375
877.307861328125,440.641845703125,869.9849853515625,846.714599609375,-639.1065063476562,705.4340209960938,518.6688232421875,203.1852569580078,-557.6111450195312,-785.0198364257812,-980.4811401367188,336.64495849609375,-428.8010559082031,-2405.296630859375,890.5400390625,297.20635986328125,-196.5454559326172,1114.4591064453125,-1078.30908203125,-818.2140502929688,-404.8832702636719,-1818.12841796875,-69.6868896484375,127.56987762451172,-486.2235107421875,623.1726684570312,-1407.6544189453125,-91.77375793457031
711.6625366210938,357.4438171386719,705.7222900390625,686.8455810546875,-518.4362182617188,572.2403564453125,420.73846435546875,164.82164001464844,-452.32806396484375,-636.7994995117188,-795.3555297851562,273.08270263671875,-347.8387145996094,-1951.150146484375,722.3963012695312,241.09054565429688,-159.43551635742188,904.0369873046875,-874.7125244140625,-663.7262573242188,-328.4368896484375,-1474.8458251953125,-56.529239654541016,103.48328399658203,-394.4191589355469,505.5108337402344,-1141.8739013671875,-74.44586181640625
-3558.7412109375,-1787.434326171875,-3529.036376953125,-3434.6416015625,2592.4931640625,-2861.54638671875,-2103.94580078125,-824.2074584960938,2261.91259765625,3184.380859375,3977.256591796875,-1365.577880859375,1739.4029541015625,9756.92578125,-3612.41650390625,-1205.597900390625,797.2736206054688,-4520.72900390625,4374.08935546875,3319.031005859375,1642.382080078125,7375.11669921875,282.68023681640625,-517.4786987304688,1972.333251953125,-2527.858642578125,5710.056640625,372.2741394042969
541.8629760742188,272.1593017578125,537.3400268554688,522.96728515625,-394.7395935058594,435.7063293457031,320.3521423339844,125.49592590332031,-344.4045715332031,-484.8619384765625,-605.5872192382812,207.92636108398438,-264.8459167480469,-1485.6143798828125,550.0357666015625,183.56739807128906,-121.39490509033203,688.3377685546875,-666.0099487304688,-505.3641052246094,-250.0732879638672,-1122.9541015625,-43.0416145324707,78.7926254272461,-300.3125,384.898193359375,-869.4277954101562,-56.683406829833984
2824.7724609375,1418.786865234375,2801.194091796875,2726.267578125,-2057.80712890625,2271.369873046875,1670.019775390625,654.2197265625,-1795.4068603515625,-2527.62158203125,-3156.9716796875,1083.935791015625,-1380.66162109375,-7744.619140625,2867.377685546875,956.95068359375,-632.8407592773438,3588.3564453125,-3471.9599609375,-2634.5009765625,-1303.65087890625,-5854.0439453125,-224.37916564941406,410.75189208984375,-1565.5516357421875,2006.503173828125,-4532.392578125,-295.494873046875
97.81869506835938,49.13099670410156,97.00220489501953,94.40758514404297,-71.25955200195312,78.65498352050781,57.83090591430664,22.65489387512207,-62.17292404174805,-87.52870178222656,-109.32238006591797,37.53547668457031,-47.81076431274414,-268.1874694824219,99.2940673828125,33.138126373291016,-21.914566040039062,124.26074981689453,-120.2300796508789,-91.22981262207031,-45.14396286010742,-202.71896362304688,-7.769998073577881,14.223875999450684,-54.21329116821289,69.48294830322266,-156.95166015625,-10.23265552520752
1527.8072509765625,767.365478515625,1515.0546875,1474.5299072265625,-1112.9862060546875,1228.4937744140625,903.2473754882812,353.8414611816406,-971.0642700195312,-1367.0902099609375,-1707.4805908203125,586.2578125,-746.7450561523438,-4188.7568359375,1550.8507080078125,517.5765991210938,-342.2784423828125,1940.7994384765625,-1877.8453369140625,-1424.89697265625,-705.0929565429688,-3166.219970703125,-121.35778045654297,222.15939331054688,-846.7446899414062,1085.2379150390625,-2451.39111328125,-159.82144165039062
-102.22953033447266,-51.34640884399414,-101.376220703125,-98.66460418701172,74.4727783203125,-82.20169067382812,-60.43861389160156,-23.67644691467285,64.9764175415039,91.47554016113281,114.25193786621094,-39.22802734375,49.966644287109375,280.2805480957031,-103.77143096923828,-34.632389068603516,22.902734756469727,-129.86390686035156,125.65148162841797,95.34353637695312,47.17959213256836,211.85995483398438,8.120362281799316,-14.86525821685791,56.657875061035156,-72.61607360839844,164.02891540527344,10.69406509399414
1474.2099609375,740.4453735351562,1461.9046630859375,1422.8016357421875,-1073.9412841796875,1185.396728515625,871.560302734375,341.4282531738281,-936.9981689453125,-1319.1309814453125,-1647.580078125,565.691162109375,-720.54833984375,-4041.810302734375,1496.4449462890625,499.4194030761719,-330.2709045410156,1872.7138671875,-1811.96826171875,-1374.909912109375,-680.357421875,-3055.14501953125,-117.10039520263672,214.3657684326172,-817.0398559570312,1047.1663818359375,-2365.393310546875,-154.21470642089844
68.30902862548828,34.309295654296875,67.73885345458984,65.92697143554688,-49.762168884277344,54.926570892333984,40.384639739990234,15.820427894592285,-43.416770935058594,-61.123287200927734,-76.3423080444336,26.21187973022461,-33.38734436035156,-187.2814178466797,69.33930969238281,23.141109466552734,-15.30344009399414,86.77411651611328,-83.95940399169922,-63.707855224609375,-31.52505874633789,-141.5632781982422,-5.425966739654541,9.932857513427734,-37.85837936401367,48.52152633666992,-109.60292053222656,-7.145696640014648
-119.21339416503906,-59.87682342529297,-118.21832275390625,-115.05621337890625,86.84529113769531,-95.85823822021484,-70.47956085205078,-27.60992431640625,75.77125549316406,106.67279052734375,133.23313903808594,-45.74515914916992,58.2678337097168,326.8448486328125,-121.01145935058594,-40.38602828979492,26.707672119140625,-151.4387969970703,146.52655029296875,111.18340301513672,55.017757415771484,247.05723571777344,9.469435691833496,-17.33489227294922,66.07070922851562,-84.68011474609375,191.27978515625,12.470720291137695
4661.99755859375,2341.5625,4623.083984375,4499.42529296875,-3396.199951171875,3748.6630859375,2756.196533203125,1079.7225341796875,-2963.135009765625,-4171.58056640625,-5210.25830078125,1788.9249267578125,-2278.640625,-12781.7001953125,4732.31298828125,1579.3489990234375,-1044.4388427734375,5922.21435546875,-5730.1142578125,-4347.97412109375,-2151.542236328125,-9661.5,-370.3148193359375,677.9039306640625,-2583.782470703125,3311.52783203125,-7480.2490234375,-487.6839904785156
2607.655517578125,1309.7364501953125,2585.889404296875,2516.721923828125,-1899.6405029296875,2096.788330078125,1541.6590576171875,603.9352416992188,-1657.4088134765625,-2333.34423828125,-2914.3212890625,1000.62255859375,-1274.5416259765625,-7149.35400390625,2646.986083984375,883.3977661132812,-584.1995239257812,3312.549072265625,-3205.09912109375,-2432.0087890625,-1203.449951171875,-5404.091796875,-207.1329803466797,379.1807861328125,-1445.2205810546875,1852.27978515625,-4184.02490234375,-272.7826232910156
-1916.2655029296875,-962.474853515625,-1900.2705078125,-1849.4420166015625,1395.97265625,-1540.8489990234375,-1132.9058837890625,-443.8087158203125,1217.9658203125,1714.684814453125,2141.622314453125,-735.3189697265625,936.6115112304688,5253.78466796875,-1945.16796875,-649.1749877929688,429.30572509765625,-2434.2646484375,2355.303955078125,1787.189453125,884.3690185546875,3971.259033203125,152.21405029296875,-278.6453552246094,1062.036865234375,-1361.1690673828125,3074.678466796875,200.45742797851562
158.83477783203125,79.77729797363281,157.5089874267578,153.29592895507812,-115.70891571044922,127.71737670898438,93.90392303466797,36.78627014160156,-100.954345703125,-142.126220703125,-177.5140838623047,60.948875427246094,-77.633544921875,-435.4739685058594,161.23043823242188,53.808597564697266,-35.58414840698242,201.77052307128906,-195.22564697265625,-148.13597106933594,-73.30328369140625,-329.16839599609375,-12.616667747497559,23.096261978149414,-88.0297622680664,112.82412719726562,-254.85293579101562,-16.615447998046875
-4637.9267578125,-2329.472412109375,-4599.2138671875,-4476.19384765625,3378.66455078125,-3729.30810546875,-2741.965576171875,-1074.147705078125,2947.8359375,4150.0419921875,5183.3564453125,-1779.6883544921875,2266.87548828125,12715.7060546875,-4707.87890625,-1571.194580078125,1039.0462646484375,-5891.63671875,5700.52880859375,4325.5244140625,2140.433349609375,9611.615234375,368.4028015136719,-674.4037475585938,2570.44189453125,-3294.4296875,7441.626953125,485.1659851074219
-1813.8372802734375,-911.0286254882812,-1798.6971435546875,-1750.5855712890625,1321.3551025390625,-1458.487548828125,-1072.3497314453125,-420.08624267578125,1152.8631591796875,1623.0313720703125,2027.1484375,-696.0147094726562,886.5477294921875,4972.95947265625,-1841.19482421875,-614.4752807617188,406.35845947265625,-2304.148193359375,2229.408203125,1691.6605224609375,837.09765625,3758.987060546875,144.07789611816406,-263.7511901855469,1005.2688598632812,-1288.411865234375,2910.330810546875,189.74258422851562
-1724.150634765625,-865.9820556640625,-1709.7591552734375,-1664.0264892578125,1256.01953125,-1386.371337890625,-1019.3265380859375,-399.31475830078125,1095.85888671875,1542.779296875,1926.9144287109375,-661.5996704101562,842.711669921875,4727.0673828125,-1750.1553955078125,-584.092041015625,386.2657470703125,-2190.2177734375,2119.173095703125,1608.0150146484375,795.7067260742188,3573.120849609375,136.953857421875,-250.7097930908203,955.5625610351562,-1224.7052001953125,2766.427001953125,180.360595703125
3969.728271484375,1993.859130859375,3936.593017578125,3831.296875,-2891.891357421875,3192.016845703125,2346.92333984375,919.3924560546875,-2523.13330078125,-3552.13427734375,-4436.57666015625,1523.283935546875,-1940.28076171875,-10883.720703125,4029.6025390625,1344.828369140625,-889.3480834960938,5042.81298828125,-4879.23828125,-3702.334716796875,-1832.055419921875,-8226.8447265625,-315.3260498046875,577.2406005859375,-2200.111572265625,2819.79248046875,-6369.4921875,-415.266845703125
390.4774169921875,196.1234893798828,387.2181091308594,376.86077880859375,-284.45733642578125,313.9787902832031,230.8522186279297,90.43489837646484,-248.1848907470703,-349.40130615234375,-436.39837646484375,149.8359375,-190.8533172607422,-1070.563720703125,396.3668518066406,132.28237915039062,-87.47962188720703,496.03009033203125,-479.94024658203125,-364.1755676269531,-180.20785522460938,-809.223388671875,-31.01665496826172,56.77956008911133,-216.4112548828125,277.36541748046875,-626.5272216796875,-40.84720993041992
1045.3360595703125,525.03662109375,1036.610595703125,1008.88330078125,-761.5126342773438,840.543701171875,618.0079345703125,242.1007080078125,-664.40869140625,-935.372314453125,-1168.269775390625,401.1215515136719,-510.9280090332031,-2865.9755859375,1061.1025390625,354.12939453125,-234.189208984375,1327.9080810546875,-1284.8343505859375,-974.9241333007812,-482.4293518066406,-2166.348876953125,-83.03380584716797,152.00294494628906,-579.348388671875,742.5270385742188,-1677.25830078125,-109.35090637207031
0.0,615.2733154296875,0.0,-615.2733154296875
0.0,5570.37255859375,0.0,-5570.37255859375
0.0,-233.15182495117188,0.0,233.15182495117188
0.0,13777.6328125,0.0,-13777.6328125
0.0,2442.13818359375,0.0,-2442.13818359375
0.0,1874.630859375,0.0,-1874.630859375
0.0,-8183.6298828125,0.0,8183.6298828125
0.0,10314.0263671875,0.0,-10314.0263671875
0.0,-566.533447265625,0.0,566.533447265625
0.0,8134.45166015625,0.0,-8134.45166015625
0.0,-2125.564453125,0.0,2125.564453125
0.0,2461.872314453125,0.0,-2461.872314453125
0.0,-23370.37890625,0.0,23370.37890625
0.0,-10388.4306640625,0.0,10388.4306640625
0.0,-8659.080078125,0.0,8659.080078125
0.0,9194.1708984375,0.0,-9194.1708984375
0.0,14325.017578125,0.0,-14325.017578125
0.0,2768.91015625,0.0,-2768.91015625
0.0,7435.259765625,0.0,-7435.259765625
0.0,-10940.1552734375,0.0,10940.1552734375
0.0,12298.0419921875,0.0,-12298.0419921875
0.0,943.02734375,0.0,-943.02734375
0.0,3170.105224609375,0.0,-3170.105224609375
0.0,15096.0947265625,0.0,-15096.0947265625
0.0,8278.578125,0.0,-8278.578125
0.0,13481.947265625,0.0,-13481.947265625
0.0,-20085.708984375,0.0,20085.708984375
0.0,-5882.23876953125,0.0,5882.23876953125
